<?xml version="1.0" encoding="UTF-8"?>
<project-private xmlns="http://www.netbeans.org/ns/project-private/1">
    <editor-bookmarks xmlns="http://www.netbeans.org/ns/editor-bookmarks/2" lastBookmarkId="0"/>
    <open-files xmlns="http://www.netbeans.org/ns/projectui-open-files/2">
        <group>
            <file>file:/C:/Users/alan-/Desktop/POO/ProyectoFinal/src/inventariodetienda/Auxiliar.java</file>
            <file>file:/C:/Users/alan-/Desktop/POO/ProyectoFinal/src/inventariodetienda/FrmEliminarUsuario.java</file>
            <file>file:/C:/Users/alan-/Desktop/POO/ProyectoFinal/src/inventariodetienda/FrmMenuBusqueda.java</file>
            <file>file:/C:/Users/alan-/Desktop/POO/ProyectoFinal/src/inventariodetienda/Usuario.java</file>
            <file>file:/C:/Users/alan-/Desktop/POO/ProyectoFinal/src/inventariodetienda/InventarioDeTienda.java</file>
            <file>file:/C:/Users/alan-/Desktop/POO/ProyectoFinal/src/inventariodetienda/Producto.java</file>
            <file>file:/C:/Users/alan-/Desktop/POO/ProyectoFinal/src/inventariodetienda/frmLogin.java</file>
            <file>file:/C:/Users/alan-/Desktop/POO/ProyectoFinal/src/inventariodetienda/FrmMenuVentas.java</file>
            <file>file:/C:/Users/alan-/Desktop/POO/ProyectoFinal/src/inventariodetienda/FrmCrearUsuario.java</file>
            <file>file:/C:/Users/alan-/Desktop/POO/ProyectoFinal/src/inventariodetienda/FrmMenuPrincipal.java</file>
            <file>file:/C:/Users/alan-/Desktop/POO/ProyectoFinal/src/inventariodetienda/FrmModificarUsuario.java</file>
        </group>
    </open-files>
</project-private>
